Date,Time,Load (kW),,,,,,,
01.09.2018,0:00,5551.82208,,,,,,,
,1:00,4983.17184,,,,,,,
,2:00,4888.3968,,,,,,,
,3:00,5072.95872,,,,,,,
,4:00,5196.2598,,,,,,,
,5:00,5641.2972,,,,,,,
,6:00,7153.17732,,,,,,,
,7:00,7849.80504,,,,,,,
,8:00,6329.97504,,,,,,,
,9:00,6292.8756,,,,,,,
,10:00,5349.8016,,,,,,,
,11:00,5225.40936,,,,,,,
,12:00,5000.47452,,,,,,,
,13:00,4775.53968,,,,,,,
,14:00,6177.05676,,,,,,,
,15:00,6177.05676,,,,,,,
,16:00,6155.7012,,,,,,,
,17:00,6212.12976,,,,,,,
,18:00,7424.25264,,,,,,,
,19:00,7407.4176,,,,,,,
,20:00,7068.22272,,,,,,,
,21:00,6515.784,,,,,,,
,22:00,6350.08356,,,,,,,
,23:00,5502.25224,,,,,,,
02.09.2018,0:00,4931.2638,,,,,,,
,1:00,4775.53968,,,,,,,
,2:00,4713.8112,,,,,,,
,3:00,4689.02628,,,,,,,
,4:00,4844.7504,,,,,,,
,5:00,5571.46296,,,,,,,
,6:00,6150.71304,,,,,,,
,7:00,6296.30496,,,,,,,
,8:00,6515.16048,,,,,,,
,9:00,6269.64948,,,,,,,
,10:00,5607.0036,,,,,,,
,11:00,5932.7928,,,,,,,
,12:00,5675.5908,,,,,,,
,13:00,5675.27904,,,,,,,
,14:00,5435.5356,,,,,,,
,15:00,5572.71,,,,,,,
,16:00,6023.2032,,,,,,,
,17:00,6110.496,,,,,,,
,18:00,7951.75056,,,,,,,
,19:00,8013.0114,,,,,,,
,20:00,7591.82364,,,,,,,
,21:00,7088.17536,,,,,,,
,22:00,6477.12576,,,,,,,
,23:00,5848.6176,,,,,,,
03.09.2018,0:00,5460.4764,,,,,,,
,1:00,5097.89952,,,,,,,
,2:00,5062.9824,,,,,,,
,3:00,5080.44096,,,,,,,
,4:00,5324.8608,,,,,,,
,5:00,5970.82752,,,,,,,
,6:00,6477.12576,,,,,,,
,7:00,6635.8116,,,,,,,
,8:00,6635.8116,,,,,,,
,9:00,6371.595,,,,,,,
,10:00,6303.63132,,,,,,,
,11:00,6447.1968,,,,,,,
,12:00,6104.2608,,,,,,,
,13:00,5778.4716,,,,,,,
,14:00,5865.60852,,,,,,,
,15:00,5847.0588,,,,,,,
,16:00,6104.2608,,,,,,,
,17:00,6704.3988,,,,,,,
,18:00,7510.2984,,,,,,,
,19:00,7995.0852,,,,,,,
,20:00,7641.2376,,,,,,,
,21:00,5918.45184,,,,,,,
,22:00,6394.04172,,,,,,,
,23:00,5813.70048,,,,,,,
04.09.2018,0:00,5619.00636,,,,,,,
,1:00,5384.40696,,,,,,,
,2:00,5052.38256,,,,,,,
,3:00,5277.3174,,,,,,,
,4:00,5709.8844,,,,,,,
,5:00,6481.4904,,,,,,,
,6:00,7272.73728,,,,,,,
,7:00,7390.2708,,,,,,,
,8:00,7192.92672,,,,,,,
,9:00,6412.9032,,,,,,,
,10:00,6464.3436,,,,,,,
,11:00,6395.7564,,,,,,,
,12:00,4903.9848,,,,,,,
,13:00,6292.8756,,,,,,,
,14:00,6052.8204,,,,,,,
,15:00,6052.8204,,,,,,,
,16:00,6121.4076,,,,,,,
,17:00,6052.8204,,,,,,,
,18:00,8110.4364,,,,,,,
,19:00,8196.1704,,,,,,,
,20:00,8045.7462,,,,,,,
,21:00,7786.206,,,,,,,
,22:00,6746.33052,,,,,,,
,23:00,5935.9104,,,,,,,
05.09.2019,0:00,5447.07072,,,,,,,
,1:00,4713.8112,,,,,,,
,2:00,5002.50096,,,,,,,
,3:00,5037.72984,,,,,,,
,4:00,5865.60852,,,,,,,
,5:00,5984.2332,,,,,,,
,6:00,7474.75776,,,,,,,
,7:00,7205.39712,,,,,,,
,8:00,6548.83056,,,,,,,
,9:00,6001.38,,,,,,,
,10:00,6310.0224,,,,,,,
,11:00,5864.2056,,,,,,,
,12:00,6031.7766,,,,,,,
,13:00,4764.31632,,,,,,,
,14:00,4730.64624,,,,,,,
,15:00,5774.41872,,,,,,,
,16:00,6228.9648,,,,,,,
,17:00,6464.65536,,,,,,,
,18:00,7518.0924,,,,,,,
,19:00,8013.7908,,,,,,,
,20:00,6366.9186,,,,,,,
,21:00,6824.11464,,,,,,,
,22:00,5915.33424,,,,,,,
,23:00,5900.21388,,,,,,,
06.09.2019,0:00,5761.3248,,,,,,,
,1:00,5726.40768,,,,,,,
,2:00,6024.13848,,,,,,,
,3:00,6599.33568,,,,,,,
,4:00,5534.36352,,,,,,,
,5:00,6267.62304,,,,,,,
,6:00,7482.520584,,,,,,,
,7:00,5895.319248,,,,,,,
,8:00,6429.613536,,,,,,,
,9:00,6094.28448,,,,,,,
,10:00,5709.8844,,,,,,,
,11:00,5912.84016,,,,,,,
,12:00,6001.38,,,,,,,
,13:00,5799.484224,,,,,,,
,14:00,5851.11168,,,,,,,
,15:00,6040.412352,,,,,,,
,16:00,7479.20034,,,,,,,
,17:00,7373.124,,,,,,,
,18:00,7630.326,,,,,,,
,19:00,7476.0048,,,,,,,
,20:00,6660.44064,,,,,,,
,21:00,6082.74936,,,,,,,
,22:00,6292.56384,,,,,,,
,23:00,6847.8084,,,,,,,
07.09.2019,0:00,5636.6208,,,,,,,
,1:00,5307.40224,,,,,,,
,2:00,5242.71204,,,,,,,
,3:00,5260.01472,,,,,,,
,4:00,5829.912,,,,,,,
,5:00,6930.4248,,,,,,,
,6:00,7897.03668,,,,,,,
,7:00,7584.18552,,,,,,,
,8:00,4847.24448,,,,,,,
,9:00,5933.41632,,,,,,,
,10:00,6014.47392,,,,,,,
,11:00,5898.4992,,,,,,,
,12:00,6138.5544,,,,,,,
,13:00,6001.38,,,,,,,
,14:00,5744.48976,,,,,,,
,15:00,5709.8844,,,,,,,
,16:00,6073.24068,,,,,,,
,17:00,6807.2796,,,,,,,
,18:00,7818.9408,,,,,,,
,19:00,7870.3812,,,,,,,
,20:00,7716.99528,,,,,,,
,21:00,7094.0988,,,,,,,
,22:00,6384.68892,,,,,,,
,23:00,5640.67368,,,,,,,
08.09.2019,0:00,5346.52812,,,,,,,
,1:00,5138.89596,,,,,,,
,2:00,4940.77248,,,,,,,
,3:00,4766.18688,,,,,,,
,4:00,5020.1154,,,,,,,
,5:00,5588.76564,,,,,,,
,6:00,6436.59696,,,,,,,
,7:00,6978.7476,,,,,,,
,8:00,6643.44972,,,,,,,
,9:00,3907.9116,,,,,,,
,10:00,7154.892,,,,,,,
,11:00,6498.32544,,,,,,,
,12:00,6414.15024,,,,,,,
,13:00,7272.11376,,,,,,,
,14:00,8264.7576,,,,,,,
,15:00,8058.996,,,,,,,
,16:00,7751.60064,,,,,,,
,17:00,7267.1256,,,,,,,
,18:00,6523.11036,,,,,,,
,19:00,5761.79244,,,,,,,
,20:00,5363.8308,,,,,,,
,21:00,5104.2906,,,,,,,
,22:00,4993.14816,,,,,,,
,23:00,5202.65088,,,,,,,
09.09.2019,0:00,5761.3248,,,,,,,
,1:00,5988.28608,,,,,,,
,2:00,6197.7888,,,,,,,
,3:00,6424.75008,,,,,,,
,4:00,6644.22912,,,,,,,
,5:00,6626.4588,,,,,,,
,6:00,6847.34076,,,,,,,
,7:00,6354.60408,,,,,,,
,8:00,6354.60408,,,,,,,
,9:00,6150.71304,,,,,,,
,10:00,5827.88556,,,,,,,
,11:00,5929.83108,,,,,,,
,12:00,6127.95456,,,,,,,
,13:00,6843.75552,,,,,,,
,14:00,8063.04888,,,,,,,
,15:00,8063.04888,,,,,,,
,16:00,8063.04888,,,,,,,
,17:00,6955.67736,,,,,,,
,18:00,6687.252,,,,,,,
,19:00,5709.8844,,,,,,,
,20:00,5554.16028,,,,,,,
,21:00,5450.3442,,,,,,,
,22:00,5294.62008,,,,,,,
,23:00,5208.10668,,,,,,,
10.09.2019,0:00,5260.01472,,,,,,,
,1:00,5420.88288,,,,,,,
,2:00,6094.28448,,,,,,,
,3:00,6683.51088,,,,,,,
,4:00,6717.18096,,,,,,,
,5:00,6750.85104,,,,,,,
,6:00,6835.02624,,,,,,,
,7:00,6919.20144,,,,,,,
,8:00,6700.34592,,,,,,,
,9:00,6447.82032,,,,,,,
,10:00,6422.56776,,,,,,,
,11:00,6456.5496,,,,,,,
,12:00,6354.60408,,,,,,,
,13:00,6473.54052,,,,,,,
,14:00,7051.2318,,,,,,,
,15:00,8546.43276,,,,,,,
,16:00,8393.51448,,,,,,,
,17:00,8291.56896,,,,,,,
,18:00,7170.16824,,,,,,,
,19:00,7526.97756,,,,,,,
,20:00,3381.19308,,,,,,,
,21:00,5415.73884,,,,,,,
,22:00,5277.3174,,,,,,,
,23:00,6288.35508,,,,,,,
11.09.2019,0:00,5865.60852,,,,,,,
,1:00,6099.74028,,,,,,,
,2:00,6065.75844,,,,,,,
,3:00,6082.74936,,,,,,,
,4:00,6966.2772,,,,,,,
,5:00,6439.55868,,,,,,,
,6:00,6473.54052,,,,,,,
,7:00,6430.98528,,,,,,,
,8:00,6750.85104,,,,,,,
,9:00,6584.3712,,,,,,,
,10:00,6464.3436,,,,,,,
,11:00,6412.9032,,,,,,,
,12:00,6303.63132,,,,,,,
,13:00,6652.9584,,,,,,,
,14:00,7306.0956,,,,,,,
,15:00,8529.44184,,,,,,,
,16:00,8648.37828,,,,,,,
,17:00,8648.37828,,,,,,,
,18:00,7645.914,,,,,,,
,19:00,7255.12284,,,,,,,
,20:00,6327.1692,,,,,,,
,21:00,5970.82752,,,,,,,
,22:00,5796.24192,,,,,,,
,23:00,5484.94956,,,,,,,
12.09.2019,0:00,5707.07856,,,,,,,
,1:00,5865.60852,,,,,,,
,2:00,6116.7312,,,,,,,
,3:00,6807.2796,,,,,,,
,4:00,8024.7024,,,,,,,
,5:00,6807.2796,,,,,,,
,6:00,6670.1052,,,,,,,
,7:00,6779.37708,,,,,,,
,8:00,6738.6924,,,,,,,
,9:00,6721.5456,,,,,,,
,10:00,6515.784,,,,,,,
,11:00,6052.8204,,,,,,,
,12:00,6350.08356,,,,,,,
,13:00,6592.32108,,,,,,,
,14:00,7115.922,,,,,,,
,15:00,8179.0236,,,,,,,
,16:00,8218.773,,,,,,,
,17:00,7832.81412,,,,,,,
,18:00,7747.85952,,,,,,,
,19:00,8410.5054,,,,,,,
,20:00,6167.70396,,,,,,,
,21:00,5522.049,,,,,,,
,22:00,5242.71204,,,,,,,
,23:00,5126.8932,,,,,,,
13.09.2019,0:00,5478.09084,,,,,,,
,1:00,5757.58368,,,,,,,
,2:00,6145.41312,,,,,,,
,3:00,7076.79612,,,,,,,
,4:00,7272.11376,,,,,,,
,5:00,7679.89584,,,,,,,
,6:00,7272.73728,,,,,,,
,7:00,6801.35616,,,,,,,
,8:00,6750.85104,,,,,,,
,9:00,6144.7896,,,,,,,
,10:00,6127.95456,,,,,,,
,11:00,6133.72212,,,,,,,
,12:00,6082.74936,,,,,,,
,13:00,6762.38616,,,,,,,
,14:00,7051.2318,,,,,,,
,15:00,8257.89888,,,,,,,
,16:00,8374.49712,,,,,,,
,17:00,8144.73,,,,,,,
,18:00,7218.8028,,,,,,,
,19:00,6921.072,,,,,,,
,20:00,6678.83448,,,,,,,
,21:00,6182.66844,,,,,,,
,22:00,5846.43528,,,,,,,
,23:00,5757.58368,,,,,,,
14.09.2019,0:00,5722.04304,,,,,,,
,1:00,5988.59784,,,,,,,
,2:00,6378.6096,,,,,,,
,3:00,7767.5004,,,,,,,
,4:00,7613.1792,,,,,,,
,5:00,6700.34592,,,,,,,
,6:00,6851.86128,,,,,,,
,7:00,6952.87152,,,,,,,
,8:00,6902.3664,,,,,,,
,9:00,6835.02624,,,,,,,
,10:00,6643.44972,,,,,,,
,11:00,6439.55868,,,,,,,
,12:00,6412.9032,,,,,,,
,13:00,6601.518,,,,,,,
,14:00,7094.0988,,,,,,,
,15:00,8357.19444,,,,,,,
,16:00,8097.65424,,,,,,,
,17:00,7558.93296,,,,,,,
,18:00,7323.08652,,,,,,,
,19:00,6796.368,,,,,,,
,20:00,5433.04152,,,,,,,
,21:00,6232.70592,,,,,,,
,22:00,5778.78336,,,,,,,
,23:00,5604.19776,,,,,,,
15.09.2019,0:00,5918.45184,,,,,,,
,1:00,6127.95456,,,,,,,
,2:00,7611.93216,,,,,,,
,3:00,7629.39072,,,,,,,
,4:00,7769.0592,,,,,,,
,5:00,6531.99552,,,,,,,
,6:00,6885.53136,,,,,,,
,7:00,6296.30496,,,,,,,
,8:00,6784.52112,,,,,,,
,9:00,6818.1912,,,,,,,
,10:00,6683.51088,,,,,,,
,11:00,6717.18096,,,,,,,
,12:00,6813.35892,,,,,,,
,13:00,6745.39524,,,,,,,
,14:00,7390.2708,,,,,,,
,15:00,8602.70544,,,,,,,
,16:00,8624.8404,,,,,,,
,17:00,8504.8128,,,,,,,
,18:00,8189.62344,,,,,,,
,19:00,7832.81412,,,,,,,
,20:00,7085.21364,,,,,,,
,21:00,5467.64688,,,,,,,
,22:00,5329.22544,,,,,,,
,23:00,5467.64688,,,,,,,
16.09.2019,0:00,5502.25224,,,,,,,
,1:00,6021.33264,,,,,,,
,2:00,6111.11952,,,,,,,
,3:00,6784.52112,,,,,,,
,4:00,6893.0136,,,,,,,
,5:00,6932.29536,,,,,,,
,6:00,6286.6404,,,,,,,
,7:00,6609.46788,,,,,,,
,8:00,6541.5042,,,,,,,
,9:00,6337.61316,,,,,,,
,10:00,6395.7564,,,,,,,
,11:00,6618.6648,,,,,,,
,12:00,6618.6648,,,,,,,
,13:00,6567.2244,,,,,,,
,14:00,7098.7752,,,,,,,
,15:00,8607.6936,,,,,,,
,16:00,8607.6936,,,,,,,
,17:00,8590.5468,,,,,,,
,18:00,8710.5744,,,,,,,
,19:00,7613.1792,,,,,,,
,20:00,7218.8028,,,,,,,
,21:00,5571.46296,,,,,,,
,22:00,5519.55492,,,,,,,
,23:00,5640.67368,,,,,,,
17.09.2019,0:00,5900.99328,,,,,,,
,1:00,6354.91584,,,,,,,
,2:00,7384.97088,,,,,,,
,3:00,7696.88676,,,,,,,
,4:00,7696.88676,,,,,,,
,5:00,6796.368,,,,,,,
,6:00,6830.34984,,,,,,,
,7:00,7138.05696,,,,,,,
,8:00,7003.37664,,,,,,,
,9:00,6286.6404,,,,,,,
,10:00,6955.67736,,,,,,,
,11:00,6453.89964,,,,,,,
,12:00,6955.67736,,,,,,,
,13:00,5502.25224,,,,,,,
,14:00,8218.773,,,,,,,
,15:00,8824.3668,,,,,,,
,16:00,8213.3172,,,,,,,
,17:00,8065.85472,,,,,,,
,18:00,7167.3624,,,,,,,
,19:00,6755.8392,,,,,,,
,20:00,6104.2608,,,,,,,
,21:00,5986.72728,,,,,,,
,22:00,5865.60852,,,,,,,
,23:00,5727.18708,,,,,,,
18.09.2019,0:00,5779.09512,,,,,,,
,1:00,5398.43616,,,,,,,
,2:00,6700.34592,,,,,,,
,3:00,7662.90492,,,,,,,
,4:00,7238.13192,,,,,,,
,5:00,6439.55868,,,,,,,
,6:00,6644.22912,,,,,,,
,7:00,6626.92644,,,,,,,
,8:00,6730.74252,,,,,,,
,9:00,6584.3712,,,,,,,
,10:00,6626.92644,,,,,,,
,11:00,6592.32108,,,,,,,
,12:00,6263.57016,,,,,,,
,13:00,6258.582,,,,,,,
,14:00,5555.5632,,,,,,,
,15:00,7962.97392,,,,,,,
,16:00,8264.7576,,,,,,,
,17:00,8058.996,,,,,,,
,18:00,7373.124,,,,,,,
,19:00,7064.4816,,,,,,,
,20:00,6755.8392,,,,,,,
,21:00,5467.64688,,,,,,,
,22:00,5294.62008,,,,,,,
,23:00,5237.568,,,,,,,
19.09.2019,0:00,5156.19864,,,,,,,
,1:00,5624.1504,,,,,,,
,2:00,6292.8756,,,,,,,
,3:00,7340.07744,,,,,,,
,4:00,7321.6836,,,,,,,
,5:00,6721.5456,,,,,,,
,6:00,6755.8392,,,,,,,
,7:00,6395.7564,,,,,,,
,8:00,6367.38624,,,,,,,
,9:00,6367.38624,,,,,,,
,10:00,6429.2706,,,,,,,
,11:00,6394.04172,,,,,,,
,12:00,6358.81284,,,,,,,
,13:00,6429.2706,,,,,,,
,14:00,6499.72836,,,,,,,
,15:00,6696.13716,,,,,,,
,16:00,6319.99872,,,,,,,
,17:00,5986.72728,,,,,,,
,18:00,5623.371,,,,,,,
,19:00,5935.9104,,,,,,,
,20:00,5708.94912,,,,,,,
,21:00,5692.58172,,,,,,,
,22:00,5484.94956,,,,,,,
,23:00,5447.07072,,,,,,,
20.09.2019,0:00,5534.36352,,,,,,,
,1:00,5586.7392,,,,,,,
,2:00,5866.07616,,,,,,,
,3:00,7336.33632,,,,,,,
,4:00,6634.2528,,,,,,,
,5:00,6529.50144,,,,,,,
,6:00,6211.66212,,,,,,,
,7:00,6471.20232,,,,,,,
,8:00,6038.63532,,,,,,,
,9:00,5778.78336,,,,,,,
,10:00,5727.18708,,,,,,,
,11:00,5604.19776,,,,,,,
,12:00,5727.18708,,,,,,,
,13:00,6232.70592,,,,,,,
,14:00,7249.82292,,,,,,,
,15:00,7993.83816,,,,,,,
,16:00,7699.6926,,,,,,,
,17:00,7262.76096,,,,,,,
,18:00,6878.67264,,,,,,,
,19:00,6886.46664,,,,,,,
,20:00,6903.76932,,,,,,,
,21:00,5952.12192,,,,,,,
,22:00,5865.60852,,,,,,,
,23:00,5831.00316,,,,,,,
21.09.2019,0:00,6055.938,,,,,,,
,1:00,6194.35944,,,,,,,
,2:00,5675.27904,,,,,,,
,3:00,5761.79244,,,,,,,
,4:00,6779.37708,,,,,,,
,5:00,5793.90372,,,,,,,
,6:00,5827.88556,,,,,,,
,7:00,5759.92188,,,,,,,
,8:00,5726.40768,,,,,,,
,9:00,5604.19776,,,,,,,
,10:00,5726.40768,,,,,,,
,11:00,5691.49056,,,,,,,
,12:00,5324.8608,,,,,,,
,13:00,5656.57344,,,,,,,
,14:00,7315.13664,,,,,,,
,15:00,6927.3072,,,,,,,
,16:00,6851.86128,,,,,,,
,17:00,6546.96,,,,,,,
,18:00,5866.07616,,,,,,,
,19:00,5639.11488,,,,,,,
,20:00,5342.31936,,,,,,,
,21:00,5225.40936,,,,,,,
,22:00,5260.01472,,,,,,,
,23:00,5606.06832,,,,,,,
22.09.2019,0:00,5623.371,,,,,,,
,1:00,5536.8576,,,,,,,
,2:00,5420.10348,,,,,,,
,3:00,6439.55868,,,,,,,
,4:00,6694.42248,,,,,,,
,5:00,6303.63132,,,,,,,
,6:00,4927.3668,,,,,,,
,7:00,4308.36732,,,,,,,
,8:00,4155.13728,,,,,,,
,9:00,5656.57344,,,,,,,
,10:00,5656.57344,,,,,,,
,11:00,3805.96608,,,,,,,
,12:00,5639.11488,,,,,,,
,13:00,5656.57344,,,,,,,
,14:00,6215.24736,,,,,,,
,15:00,5831.15904,,,,,,,
,16:00,6218.67672,,,,,,,
,17:00,5827.88556,,,,,,,
,18:00,5488.06716,,,,,,,
,19:00,5311.92276,,,,,,,
,20:00,5086.98792,,,,,,,
,21:00,5062.9824,,,,,,,
,22:00,4808.74212,,,,,,,
,23:00,4614.98328,,,,,,,
23.09.2019,0:00,4315.5378,,,,,,,
,1:00,4474.06776,,,,,,,
,2:00,4801.104,,,,,,,
,3:00,5342.31936,,,,,,,
,4:00,5813.70048,,,,,,,
,5:00,5725.94004,,,,,,,
,6:00,5199.22152,,,,,,,
,7:00,5841.75888,,,,,,,
,8:00,5993.27424,,,,,,,
,9:00,6262.63488,,,,,,,
,10:00,5976.4392,,,,,,,
,11:00,5759.92188,,,,,,,
,12:00,5349.8016,,,,,,,
,13:00,5538.4164,,,,,,,
,14:00,5761.3248,,,,,,,
,15:00,7373.74752,,,,,,,
,16:00,7577.95032,,,,,,,
,17:00,7238.13192,,,,,,,
,18:00,6881.3226,,,,,,,
,19:00,6541.5042,,,,,,,
,20:00,5606.06832,,,,,,,
,21:00,5381.13348,,,,,,,
,22:00,5185.19232,,,,,,,
,23:00,4949.65764,,,,,,,
24.09.2019,0:00,4914.42876,,,,,,,
,1:00,4965.86916,,,,,,,
,2:00,5208.10668,,,,,,,
,3:00,6001.38,,,,,,,
,4:00,6936.03648,,,,,,,
,5:00,7070.7168,,,,,,,
,6:00,6771.73896,,,,,,,
,7:00,6204.64752,,,,,,,
,8:00,6144.7896,,,,,,,
,9:00,6178.45968,,,,,,,
,10:00,6018.5268,,,,,,,
,11:00,5932.7928,,,,,,,
,12:00,5812.7652,,,,,,,
,13:00,6320.62224,,,,,,,
,14:00,7509.98664,,,,,,,
,15:00,7929.30384,,,,,,,
,16:00,8325.5508,,,,,,,
,17:00,8384.7852,,,,,,,
,18:00,7373.124,,,,,,,
,19:00,6618.6648,,,,,,,
,20:00,5900.99328,,,,,,,
,21:00,5604.19776,,,,,,,
,22:00,5349.8016,,,,,,,
,23:00,6652.9584,,,,,,,
25.09.2019,0:00,5255.02656,,,,,,,
,1:00,5412.1536,,,,,,,
,2:00,5949.9396,,,,,,,
,3:00,7187.15916,,,,,,,
,4:00,7883.78688,,,,,,,
,5:00,7136.1864,,,,,,,
,6:00,6618.6648,,,,,,,
,7:00,6721.5456,,,,,,,
,8:00,6678.83448,,,,,,,
,9:00,6337.61316,,,,,,,
,10:00,6532.9308,,,,,,,
,11:00,6635.8116,,,,,,,
,12:00,6436.59696,,,,,,,
,13:00,5156.19864,,,,,,,
,14:00,8083.31328,,,,,,,
,15:00,8599.43196,,,,,,,
,16:00,8599.43196,,,,,,,
,17:00,8339.89176,,,,,,,
,18:00,7943.6448,,,,,,,
,19:00,7450.90812,,,,,,,
,20:00,6605.415,,,,,,,
,21:00,5704.27272,,,,,,,
,22:00,5544.33984,,,,,,,
,23:00,5633.19144,,,,,,,
26.09.2019,0:00,5671.84968,,,,,,,
,1:00,5830.37964,,,,,,,
,2:00,6411.65616,,,,,,,
,3:00,7734.14208,,,,,,,
,4:00,5250.19428,,,,,,,
,5:00,6550.0776,,,,,,,
,6:00,6635.8116,,,,,,,
,7:00,6824.4264,,,,,,,
,8:00,6824.4264,,,,,,,
,9:00,6601.518,,,,,,,
,10:00,5881.3524,,,,,,,
,11:00,6567.2244,,,,,,,
,12:00,6378.6096,,,,,,,
,13:00,6575.0184,,,,,,,
,14:00,7526.6658,,,,,,,
,15:00,7818.9408,,,,,,,
,16:00,8080.35156,,,,,,,
,17:00,7907.32476,,,,,,,
,18:00,7577.01504,,,,,,,
,19:00,7192.92672,,,,,,,
,20:00,6756.46272,,,,,,,
,21:00,6250.16448,,,,,,,
,22:00,5900.8374,,,,,,,
,23:00,5830.37964,,,,,,,
27.09.2019,0:00,5900.8374,,,,,,,
,1:00,5971.29516,,,,,,,
,2:00,6059.36736,,,,,,,
,3:00,7578.8856,,,,,,,
,4:00,7098.7752,,,,,,,
,5:00,5892.264,,,,,,,
,6:00,6490.53144,,,,,,,
,7:00,6456.5496,,,,,,,
,8:00,5369.13072,,,,,,,
,9:00,5131.25784,,,,,,,
,10:00,5058.306,,,,,,,
,11:00,5058.306,,,,,,,
,12:00,6354.60408,,,,,,,
,13:00,6966.2772,,,,,,,
,14:00,7781.84136,,,,,,,
,15:00,8518.53024,,,,,,,
,16:00,8501.6952,,,,,,,
,17:00,8325.5508,,,,,,,
,18:00,7665.08724,,,,,,,
,19:00,7227.84384,,,,,,,
,20:00,6808.8384,,,,,,,
,21:00,6217.89732,,,,,,,
,22:00,5813.70048,,,,,,,
,23:00,5513.31972,,,,,,,
28.09.2019,0:00,5460.4764,,,,,,,
,1:00,5654.23524,,,,,,,
,2:00,6446.88504,,,,,,,
,3:00,7315.13664,,,,,,,
,4:00,7646.84928,,,,,,,
,5:00,6762.38616,,,,,,,
,6:00,6728.40432,,,,,,,
,7:00,6558.49512,,,,,,,
,8:00,5229.774,,,,,,,
,9:00,5058.306,,,,,,,
,10:00,5125.80204,,,,,,,
,11:00,5104.2906,,,,,,,
,12:00,4259.88864,,,,,,,
,13:00,3581.65476,,,,,,,
,14:00,4818.2508,,,,,,,
,15:00,3532.2408,,,,,,,
,16:00,8573.4,,,,,,,
,17:00,8053.69608,,,,,,,
,18:00,7664.6196,,,,,,,
,19:00,6995.8944,,,,,,,
,20:00,6481.4904,,,,,,,
,21:00,6110.496,,,,,,,
,22:00,5796.24192,,,,,,,
,23:00,5516.90496,,,,,,,
29.09.2019,0:00,5401.242,,,,,,,
,1:00,5572.71,,,,,,,
,2:00,6344.316,,,,,,,
,3:00,7525.26288,,,,,,,
,4:00,7323.2424,,,,,,,
,5:00,8053.69608,,,,,,,
,6:00,8087.67792,,,,,,,
,7:00,5165.23968,,,,,,,
,8:00,5281.2144,,,,,,,
,9:00,5161.1868,,,,,,,
,10:00,5377.23648,,,,,,,
,11:00,5255.02656,,,,,,,
,12:00,5324.8608,,,,,,,
,13:00,7197.91488,,,,,,,
,14:00,8357.19444,,,,,,,
,15:00,8668.64268,,,,,,,
,16:00,8607.6936,,,,,,,
,17:00,8281.9044,,,,,,,
,18:00,7595.87652,,,,,,,
,19:00,7221.9204,,,,,,,
,20:00,6482.11392,,,,,,,
,21:00,5953.36896,,,,,,,
,22:00,5761.3248,,,,,,,
,23:00,5830.37964,,,,,,,
30.09.2019,0:00,5615.42112,,,,,,,
,1:00,5830.37964,,,,,,,
,2:00,6162.87168,,,,,,,
,3:00,7028.16156,,,,,,,
,4:00,7227.84384,,,,,,,
,5:00,6961.6008,,,,,,,
,6:00,6910.1604,,,,,,,
,7:00,8325.5508,,,,,,,
,8:00,6813.35892,,,,,,,
,9:00,8401.932,,,,,,,
,10:00,8487.666,,,,,,,
,11:00,8487.666,,,,,,,
,12:00,6550.0776,,,,,,,
,13:00,6473.54052,,,,,,,
,14:00,6515.784,,,,,,,
,15:00,8436.2256,,,,,,,
,16:00,8547.52392,,,,,,,
,17:00,7976.53548,,,,,,,
,18:00,8624.52864,,,,,,,
,19:00,7210.38528,,,,,,,
,20:00,6826.29696,,,,,,,
,21:00,6197.7888,,,,,,,
,22:00,5936.06628,,,,,,,
,23:00,5846.43528,,,,,,,
01.10.2019,0:00,6023.2032,,,,,,,
,1:00,5988.59784,,,,,,,
,2:00,6459.6672,,,,,,,
,3:00,7769.0592,,,,,,,
,4:00,7645.914,,,,,,,
,5:00,7543.96848,,,,,,,
,6:00,6745.39524,,,,,,,
,7:00,6813.35892,,,,,,,
,8:00,5555.5632,,,,,,,
,9:00,5471.07624,,,,,,,
,10:00,5384.0952,,,,,,,
,11:00,5571.46296,,,,,,,
,12:00,5190.804,,,,,,,
,13:00,6995.8944,,,,,,,
,14:00,7647.4728,,,,,,,
,15:00,8196.1704,,,,,,,
,16:00,7943.6448,,,,,,,
,17:00,7908.72768,,,,,,,
,18:00,7594.4736,,,,,,,
,19:00,7646.84928,,,,,,,
,20:00,5988.9096,,,,,,,
,21:00,5636.6208,,,,,,,
,22:00,5390.01864,,,,,,,
,23:00,5231.48868,,,,,,,
02.10.2019,0:00,5460.4764,,,,,,,
,1:00,5566.16304,,,,,,,
,2:00,5727.18708,,,,,,,
,3:00,6332.78088,,,,,,,
,4:00,6498.6372,,,,,,,
,5:00,6841.5732,,,,,,,
,6:00,6772.986,,,,,,,
,7:00,6481.4904,,,,,,,
,8:00,6464.3436,,,,,,,
,9:00,6252.65856,,,,,,,
,10:00,6218.67672,,,,,,,
,11:00,5997.79476,,,,,,,
,12:00,6048.76752,,,,,,,
,13:00,6048.76752,,,,,,,
,14:00,7574.2092,,,,,,,
,15:00,8049.79908,,,,,,,
,16:00,8208.32904,,,,,,,
,17:00,7996.95576,,,,,,,
,18:00,7627.05252,,,,,,,
,19:00,6781.5594,,,,,,,
,20:00,5830.37964,,,,,,,
,21:00,5597.6508,,,,,,,
,22:00,5491.02888,,,,,,,
,23:00,5366.63664,,,,,,,
03.10.2019,0:00,5548.5486,,,,,,,
,1:00,5795.15076,,,,,,,
,2:00,6430.05,,,,,,,
,3:00,7407.4176,,,,,,,
,4:00,7218.8028,,,,,,,
,5:00,6550.0776,,,,,,,
,6:00,5264.0676,,,,,,,
,7:00,4504.30848,,,,,,,
,8:00,6094.908,,,,,,,
,9:00,6148.6866,,,,,,,
,10:00,5115.35808,,,,,,,
,11:00,3613.92192,,,,,,,
,12:00,5516.90496,,,,,,,
,13:00,5289.94368,,,,,,,
,14:00,8461.01052,,,,,,,
,15:00,8744.868,,,,,,,
,16:00,8754.37668,,,,,,,
,17:00,7803.97632,,,,,,,
,18:00,8153.14752,,,,,,,
,19:00,7070.7168,,,,,,,
,20:00,6127.95456,,,,,,,
,21:00,5377.23648,,,,,,,
,22:00,5255.02656,,,,,,,
,23:00,5377.23648,,,,,,,
04.10.2019,0:00,5412.1536,,,,,,,
,1:00,5464.52928,,,,,,,
,2:00,6127.95456,,,,,,,
,3:00,7454.80512,,,,,,,
,4:00,7051.2318,,,,,,,
,5:00,6313.14,,,,,,,
,6:00,6481.4904,,,,,,,
,7:00,5386.12164,,,,,,,
,8:00,5332.6548,,,,,,,
,9:00,5212.6272,,,,,,,
,10:00,3466.14768,,,,,,,
,11:00,5182.2306,,,,,,,
,12:00,6835.02624,,,,,,,
,13:00,7733.2068,,,,,,,
,14:00,8841.66948,,,,,,,
,15:00,8807.06412,,,,,,,
,16:00,8484.86016,,,,,,,
,17:00,8135.68896,,,,,,,
,18:00,7158.0096,,,,,,,
,19:00,6337.45728,,,,,,,
,20:00,5883.53472,,,,,,,
,21:00,5569.28064,,,,,,,
,22:00,5481.98784,,,,,,,
,23:00,5691.49056,,,,,,,
05.10.2019,0:00,5918.45184,,,,,,,
,1:00,6581.87712,,,,,,,
,2:00,4451.9328,,,,,,,
,3:00,7509.98664,,,,,,,
,4:00,6851.86128,,,,,,,
,5:00,6801.35616,,,,,,,
,6:00,6847.34076,,,,,,,
,7:00,6830.34984,,,,,,,
,8:00,6694.42248,,,,,,,
,9:00,6252.65856,,,,,,,
,10:00,6286.6404,,,,,,,
,11:00,5199.22152,,,,,,,
,12:00,6414.15024,,,,,,,
,13:00,7441.7112,,,,,,,
,14:00,7070.7168,,,,,,,
,15:00,8131.32432,,,,,,,
,16:00,7922.601,,,,,,,
,17:00,7492.99572,,,,,,,
,18:00,7098.7752,,,,,,,
,19:00,6263.57016,,,,,,,
,20:00,5761.3248,,,,,,,
,21:00,5778.78336,,,,,,,
,22:00,5601.39192,,,,,,,
,23:00,5478.09084,,,,,,,
06.10.2019,0:00,5272.48512,,,,,,,
,1:00,5394.69504,,,,,,,
,2:00,5831.15904,,,,,,,
,3:00,6796.368,,,,,,,
,4:00,7187.15916,,,,,,,
,5:00,6966.2772,,,,,,,
,6:00,6721.5456,,,,,,,
,7:00,6490.53144,,,,,,,
,8:00,6601.518,,,,,,,
,9:00,5486.976,,,,,,,
,10:00,6490.53144,,,,,,,
,11:00,5727.0312,,,,,,,
,12:00,6490.53144,,,,,,,
,13:00,6439.55868,,,,,,,
,14:00,7508.42784,,,,,,,
,15:00,8198.66448,,,,,,,
,16:00,8189.62344,,,,,,,
,17:00,8230.464,,,,,,,
,18:00,7870.3812,,,,,,,
,19:00,7509.36312,,,,,,,
,20:00,6523.11036,,,,,,,
,21:00,5953.36896,,,,,,,
,22:00,5671.84968,,,,,,,
,23:00,5548.5486,,,,,,,
07.10.2019,0:00,5671.84968,,,,,,,
,1:00,5848.6176,,,,,,,
,2:00,6459.6672,,,,,,,
,3:00,6826.29696,,,,,,,
,4:00,6878.67264,,,,,,,
,5:00,6581.87712,,,,,,,
,6:00,5657.97636,,,,,,,
,7:00,6507.52236,,,,,,,
,8:00,6354.60408,,,,,,,
,9:00,6388.58592,,,,,,,
,10:00,6014.78568,,,,,,,
,11:00,6116.7312,,,,,,,
,12:00,6031.7766,,,,,,,
,13:00,6099.74028,,,,,,,
,14:00,7340.07744,,,,,,,
,15:00,7917.76872,,,,,,,
,16:00,8019.71424,,,,,,,
,17:00,7815.8232,,,,,,,
,18:00,6711.4134,,,,,,,
,19:00,6371.595,,,,,,,
,20:00,6550.0776,,,,,,,
,21:00,5984.2332,,,,,,,
,22:00,5761.79244,,,,,,,
,23:00,5675.27904,,,,,,,
08.10.2019,0:00,5656.57344,,,,,,,
,1:00,5604.19776,,,,,,,
,2:00,5915.646,,,,,,,
,3:00,7390.2708,,,,,,,
,4:00,7071.96384,,,,,,,
,5:00,6538.23072,,,,,,,
,6:00,6464.65536,,,,,,,
,7:00,6767.68608,,,,,,,
,8:00,5471.388,,,,,,,
,9:00,5709.8844,,,,,,,
,10:00,5536.8576,,,,,,,
,11:00,5536.8576,,,,,,,
,12:00,5069.68524,,,,,,,
,13:00,4913.96112,,,,,,,
,14:00,7098.7752,,,,,,,
,15:00,8213.3172,,,,,,,
,16:00,8299.0512,,,,,,,
,17:00,8058.996,,,,,,,
,18:00,7716.06,,,,,,,
,19:00,6652.9584,,,,,,,
,20:00,6207.1416,,,,,,,
,21:00,5847.99408,,,,,,,
,22:00,5425.24752,,,,,,,
,23:00,5337.17532,,,,,,,
09.10.2019,0:00,5390.01864,,,,,,,
,1:00,5583.77748,,,,,,,
,2:00,6180.33024,,,,,,,
,3:00,6292.8756,,,,,,,
,4:00,6575.48604,,,,,,,
,5:00,6633.00576,,,,,,,
,6:00,6750.85104,,,,,,,
,7:00,6565.6656,,,,,,,
,8:00,6252.65856,,,,,,,
,9:00,6150.71304,,,,,,,
,10:00,6065.75844,,,,,,,
,11:00,6133.72212,,,,,,,
,12:00,6031.7766,,,,,,,
,13:00,5369.13072,,,,,,,
,14:00,7102.20456,,,,,,,
,15:00,7201.656,,,,,,,
,16:00,7510.2984,,,,,,,
,17:00,8054.4304,,,,,,,
,18:00,5028.06528,,,,,,,
,19:00,6686.62848,,,,,,,
,20:00,6005.74464,,,,,,,
,21:00,5534.36352,,,,,,,
,22:00,5301.94644,,,,,,,
,23:00,5178.64536,,,,,,,
10.10.2019,0:00,5301.94644,,,,,,,
,1:00,5513.31972,,,,,,,
,2:00,5597.6508,,,,,,,
,3:00,6656.8554,,,,,,,
,4:00,6279.46992,,,,,,,
,5:00,6060.6144,,,,,,,
,6:00,6581.87712,,,,,,,
,7:00,6507.2106,,,,,,,
,8:00,6614.7678,,,,,,,
,9:00,6632.694,,,,,,,
,10:00,6184.07136,,,,,,,
,11:00,6075.57888,,,,,,,
,12:00,5967.0864,,,,,,,
,13:00,6127.95456,,,,,,,
,14:00,7441.08768,,,,,,,
,15:00,8115.8922,,,,,,,
,16:00,7390.2708,,,,,,,
,17:00,6546.96,,,,,,,
,18:00,6677.43156,,,,,,,
,19:00,6422.56776,,,,,,,
,20:00,5518.152,,,,,,,
,21:00,5534.36352,,,,,,,
,22:00,5220.10944,,,,,,,
,23:00,4905.85536,,,,,,,
11.10.2019,0:00,4958.23104,,,,,,,
,1:00,5150.2752,,,,,,,
,2:00,5335.14888,,,,,,,
,3:00,6116.7312,,,,,,,
,4:00,5854.38516,,,,,,,
,5:00,6320.62224,,,,,,,
,6:00,6422.56776,,,,,,,
,7:00,5161.1868,,,,,,,
,8:00,5246.9208,,,,,,,
,9:00,6241.4352,,,,,,,
,10:00,5831.00316,,,,,,,
,11:00,5658.444,,,,,,,
,12:00,5692.7376,,,,,,,
,13:00,5812.7652,,,,,,,
,14:00,6500.81952,,,,,,,
,15:00,7442.02296,,,,,,,
,16:00,7353.639,,,,,,,
,17:00,6972.98004,,,,,,,
,18:00,6540.41304,,,,,,,
,19:00,5656.57344,,,,,,,
,20:00,5743.86624,,,,,,,
,21:00,4870.93824,,,,,,,
,22:00,4731.26976,,,,,,,
,23:00,4597.36884,,,,,,,
12.10.2019,0:00,4456.45332,,,,,,,
,1:00,4791.12768,,,,,,,
,2:00,5178.64536,,,,,,,
,3:00,5827.88556,,,,,,,
,4:00,5199.22152,,,,,,,
,5:00,6439.55868,,,,,,,
,6:00,6550.0776,,,,,,,
,7:00,6430.05,,,,,,,
,8:00,6371.595,,,,,,,
,9:00,6235.66764,,,,,,,
,10:00,5847.0588,,,,,,,
,11:00,5607.0036,,,,,,,
,12:00,5589.8568,,,,,,,
,13:00,5761.3248,,,,,,,
,14:00,7201.656,,,,,,,
,15:00,7102.20456,,,,,,,
,16:00,7287.39,,,,,,,
,17:00,7232.52024,,,,,,,
,18:00,6567.2244,,,,,,,
,19:00,5952.12192,,,,,,,
,20:00,5363.8308,,,,,,,
,21:00,5324.8608,,,,,,,
,22:00,4967.27208,,,,,,,
,23:00,4932.0432,,,,,,,
13.10.2019,0:00,4797.9864,,,,,,,
,1:00,5011.23024,,,,,,,
,2:00,5294.62008,,,,,,,
,3:00,5935.9104,,,,,,,
,4:00,6378.6096,,,,,,,
,5:00,6395.7564,,,,,,,
,6:00,5287.4496,,,,,,,
,7:00,5832.71784,,,,,,,
,8:00,5270.61456,,,,,,,
,9:00,5097.276,,,,,,,
,10:00,7630.48188,,,,,,,
,11:00,7153.17732,,,,,,,
,12:00,6626.4588,,,,,,,
,13:00,7493.1516,,,,,,,
,14:00,7047.3348,,,,,,,
,15:00,6073.24068,,,,,,,
,16:00,5727.18708,,,,,,,
,17:00,5484.94956,,,,,,,
,18:00,5412.1536,,,,,,,
,19:00,5307.40224,,,,,,,
,20:00,5255.02656,,,,,,,
,21:00,5272.48512,,,,,,,
,22:00,5246.9208,,,,,,,
,23:00,5437.0944,,,,,,,
14.10.2019,0:00,5673.40848,,,,,,,
,1:00,5687.59356,,,,,,,
,2:00,5821.02684,,,,,,,
,3:00,5799.67128,,,,,,,
,4:00,5606.06832,,,,,,,
,5:00,5808.0888,,,,,,,
,6:00,5454.55296,,,,,,,
,7:00,5454.08532,,,,,,,
,8:00,5415.73884,,,,,,,
,9:00,5571.46296,,,,,,,
,10:00,6505.80768,,,,,,,
,11:00,6881.3226,,,,,,,
,12:00,7102.20456,,,,,,,
,13:00,7013.0412,,,,,,,
,14:00,6841.5732,,,,,,,
,15:00,6310.0224,,,,,,,
,16:00,5589.8568,,,,,,,
,17:00,5315.508,,,,,,,
,18:00,5156.19864,,,,,,,
,19:00,4923.31392,,,,,,,
,20:00,5150.2752,,,,,,,
,21:00,5132.81664,,,,,,,
,22:00,5303.0376,,,,,,,
,23:00,6077.44944,,,,,,,
15.10.2019,0:00,5959.60416,,,,,,,
,1:00,6021.17676,,,,,,,
,2:00,5954.46012,,,,,,,
,3:00,5148.24876,,,,,,,
,4:00,5301.16704,,,,,,,
,5:00,5301.16704,,,,,,,
,6:00,4585.2102,,,,,,,
,7:00,4886.838,,,,,,,
,8:00,4818.2508,,,,,,,
,9:00,4886.838,,,,,,,
,10:00,7000.25904,,,,,,,
,11:00,7204.15008,,,,,,,
,12:00,7081.6284,,,,,,,
,13:00,7102.20456,,,,,,,
,14:00,7051.2318,,,,,,,
,15:00,5878.85832,,,,,,,
,16:00,5335.14888,,,,,,,
,17:00,5394.69504,,,,,,,
,18:00,5185.19232,,,,,,,
,19:00,4983.17184,,,,,,,
,20:00,4152.6432,,,,,,,
,21:00,4663.9296,,,,,,,
,22:00,4848.49152,,,,,,,
,23:00,5824.92384,,,,,,,
16.10.2019,0:00,6048.76752,,,,,,,
,1:00,6207.1416,,,,,,,
,2:00,5551.82208,,,,,,,
,3:00,5980.80384,,,,,,,
,4:00,5720.95188,,,,,,,
,5:00,5622.90336,,,,,,,
,6:00,5707.07856,,,,,,,
,7:00,5929.83108,,,,,,,
,8:00,5810.89464,,,,,,,
,9:00,6224.2884,,,,,,,
,10:00,5932.7928,,,,,,,
,11:00,7218.8028,,,,,,,
,12:00,6765.34788,,,,,,,
,13:00,6869.16396,,,,,,,
,14:00,6350.08356,,,,,,,
,15:00,6021.33264,,,,,,,
,16:00,5604.19776,,,,,,,
,17:00,5429.61216,,,,,,,
,18:00,5202.65088,,,,,,,
,19:00,4896.81432,,,,,,,
,20:00,4703.05548,,,,,,,
,21:00,4888.3968,,,,,,,
,22:00,5366.9484,,,,,,,
,23:00,5946.822,,,,,,,
17.10.2019,0:00,6087.114,,,,,,,
,1:00,6177.05676,,,,,,,
,2:00,5946.822,,,,,,,
,3:00,5774.41872,,,,,,,
,4:00,5131.25784,,,,,,,
,5:00,4989.7188,,,,,,,
,6:00,5115.35808,,,,,,,
,7:00,5234.4504,,,,,,,
,8:00,5377.86,,,,,,,
,9:00,5516.90496,,,,,,,
,10:00,6005.74464,,,,,,,
,11:00,5935.9104,,,,,,,
,12:00,6040.66176,,,,,,,
,13:00,6073.24068,,,,,,,
,14:00,6018.5268,,,,,,,
,15:00,5658.444,,,,,,,
,16:00,5220.10944,,,,,,,
,17:00,4723.63164,,,,,,,
,18:00,4643.97696,,,,,,,
,19:00,4773.51324,,,,,,,
,20:00,4678.89408,,,,,,,
,21:00,4720.66992,,,,,,,
,22:00,4740.46668,,,,,,,
,23:00,5012.3214,,,,,,,
18.10.2019,0:00,5084.18208,,,,,,,
,1:00,5067.34704,,,,,,,
,2:00,5134.6872,,,,,,,
,3:00,5016.84192,,,,,,,
,4:00,5097.276,,,,,,,
,5:00,4553.56656,,,,,,,
,6:00,4561.0488,,,,,,,
,7:00,4571.181,,,,,,,
,8:00,4678.7382,,,,,,,
,9:00,4804.2216,,,,,,,
,10:00,5447.07072,,,,,,,
,11:00,5530.93416,,,,,,,
,12:00,5865.60852,,,,,,,
,13:00,5579.88048,,,,,,,
,14:00,5575.0482,,,,,,,
,15:00,5270.3028,,,,,,,
,16:00,4888.3968,,,,,,,
,17:00,4286.7,,,,,,,
,18:00,4012.3512,,,,,,,
,19:00,4312.26432,,,,,,,
,20:00,4417.01568,,,,,,,
,21:00,4556.68416,,,,,,,
,22:00,4783.64544,,,,,,,
,23:00,5062.9824,,,,,,,
19.10.2019,0:00,5132.81664,,,,,,,
,1:00,5202.65088,,,,,,,
,2:00,5235.69744,,,,,,,
,3:00,5318.15796,,,,,,,
,4:00,5233.20336,,,,,,,
,5:00,4944.35772,,,,,,,
,6:00,4842.4122,,,,,,,
,7:00,4638.52116,,,,,,,
,8:00,4672.503,,,,,,,
,9:00,4281.71184,,,,,,,
,10:00,5691.9582,,,,,,,
,11:00,6235.66764,,,,,,,
,12:00,6021.33264,,,,,,,
,13:00,6211.66212,,,,,,,
,14:00,5865.60852,,,,,,,
,15:00,5604.19776,,,,,,,
,16:00,5231.48868,,,,,,,
,17:00,4914.42876,,,,,,,
,18:00,4843.971,,,,,,,
,19:00,4703.05548,,,,,,,
,20:00,4691.36448,,,,,,,
,21:00,4709.1348,,,,,,,
,22:00,4655.82384,,,,,,,
,23:00,5348.86632,,,,,,,
20.10.2019,0:00,5267.1852,,,,,,,
,1:00,5046.30324,,,,,,,
,2:00,5590.01268,,,,,,,
,3:00,5539.03992,,,,,,,
,4:00,6694.42248,,,,,,,
,5:00,5318.15796,,,,,,,
,6:00,5335.14888,,,,,,,
,7:00,5250.19428,,,,,,,
,8:00,5246.9208,,,,,,,
,9:00,5332.6548,,,,,,,
,10:00,6327.1692,,,,,,,
,11:00,6388.58592,,,,,,,
,12:00,6541.5042,,,,,,,
,13:00,6388.58592,,,,,,,
,14:00,6286.6404,,,,,,,
,15:00,5727.0312,,,,,,,
,16:00,5454.08532,,,,,,,
,17:00,5115.35808,,,,,,,
,18:00,4940.77248,,,,,,,
,19:00,4958.23104,,,,,,,
,20:00,5010.60672,,,,,,,
,21:00,5028.06528,,,,,,,
,22:00,5167.73376,,,,,,,
,23:00,5369.13072,,,,,,,
21.10.2019,0:00,5386.12164,,,,,,,
,1:00,5335.14888,,,,,,,
,2:00,5454.55296,,,,,,,
,3:00,5437.71792,,,,,,,
,4:00,5538.72816,,,,,,,
,5:00,5252.53248,,,,,,,
,6:00,5303.0376,,,,,,,
,7:00,5218.8624,,,,,,,
,8:00,5352.1398,,,,,,,
,9:00,5505.05808,,,,,,,
,10:00,6541.5042,,,,,,,
,11:00,7238.13192,,,,,,,
,12:00,7255.12284,,,,,,,
,13:00,7133.0688,,,,,,,
,14:00,6610.55904,,,,,,,
,15:00,5915.646,,,,,,,
,16:00,5879.7936,,,,,,,
,17:00,5270.3028,,,,,,,
,18:00,5324.0814,,,,,,,
,19:00,5207.63904,,,,,,,
,20:00,5388.45984,,,,,,,
,21:00,5726.71944,,,,,,,
,22:00,5872.62312,,,,,,,
,23:00,6930.4248,,,,,,,
22.10.2019,0:00,6060.6144,,,,,,,
,1:00,5622.90336,,,,,,,
,2:00,5912.84016,,,,,,,
,3:00,6127.95456,,,,,,,
,4:00,5114.26692,,,,,,,
,5:00,5012.3214,,,,,,,
,6:00,4852.5444,,,,,,,
,7:00,4774.44852,,,,,,,
,8:00,4876.39404,,,,,,,
,9:00,4831.65648,,,,,,,
,10:00,7747.85952,,,,,,,
,11:00,7934.75964,,,,,,,
,12:00,7968.74148,,,,,,,
,13:00,7068.22272,,,,,,,
,14:00,6817.25592,,,,,,,
,15:00,6529.50144,,,,,,,
,16:00,5988.28608,,,,,,,
,17:00,5534.36352,,,,,,,
,18:00,5202.65088,,,,,,,
,19:00,5115.35808,,,,,,,
,20:00,5188.93344,,,,,,,
,21:00,5331.096,,,,,,,
,22:00,6095.21976,,,,,,,
,23:00,7000.25904,,,,,,,
23.10.2019,0:00,6666.67584,,,,,,,
,1:00,6161.62464,,,,,,,
,2:00,5740.74864,,,,,,,
,3:00,6666.67584,,,,,,,
,4:00,7374.05928,,,,,,,
,5:00,6694.42248,,,,,,,
,6:00,6350.08356,,,,,,,
,7:00,6515.784,,,,,,,
,8:00,6498.6372,,,,,,,
,9:00,6652.9584,,,,,,,
,10:00,8080.35156,,,,,,,
,11:00,8755.15608,,,,,,,
,12:00,8504.8128,,,,,,,
,13:00,8305.2864,,,,,,,
,14:00,7000.88256,,,,,,,
,15:00,6791.37984,,,,,,,
,16:00,6442.20864,,,,,,,
,17:00,5548.5486,,,,,,,
,18:00,5460.4764,,,,,,,
,19:00,5604.19776,,,,,,,
,20:00,5689.46412,,,,,,,
,21:00,5953.68072,,,,,,,
,22:00,6217.89732,,,,,,,
,23:00,6961.6008,,,,,,,
24.10.2019,0:00,7153.17732,,,,,,,
,1:00,6303.63132,,,,,,,
,2:00,6235.66764,,,,,,,
,3:00,5727.0312,,,,,,,
,4:00,5709.8844,,,,,,,
,5:00,5674.96728,,,,,,,
,6:00,5759.92188,,,,,,,
,7:00,5298.3612,,,,,,,
,8:00,5418.3888,,,,,,,
,9:00,7204.15008,,,,,,,
,10:00,8436.2256,,,,,,,
,11:00,8487.666,,,,,,,
,12:00,8470.5192,,,,,,,
,13:00,8121.65976,,,,,,,
,14:00,7255.12284,,,,,,,
,15:00,7887.528,,,,,,,
,16:00,5864.2056,,,,,,,
,17:00,5761.79244,,,,,,,
,18:00,5636.6208,,,,,,,
,19:00,5442.86196,,,,,,,
,20:00,5384.40696,,,,,,,
,21:00,5846.43528,,,,,,,
,22:00,6004.02996,,,,,,,
,23:00,6817.25592,,,,,,,
25.10.2019,0:00,7161.43896,,,,,,,
,1:00,6412.9032,,,,,,,
,2:00,6550.0776,,,,,,,
,3:00,5281.2144,,,,,,,
,4:00,5212.6272,,,,,,,
,5:00,5052.38256,,,,,,,
,6:00,4827.44772,,,,,,,
,7:00,4783.9572,,,,,,,
,8:00,4852.5444,,,,,,,
,9:00,4869.6912,,,,,,,
,10:00,7956.1152,,,,,,,
,11:00,7730.8686,,,,,,,
,12:00,7713.87768,,,,,,,
,13:00,7543.96848,,,,,,,
,14:00,6869.16396,,,,,,,
,15:00,5900.8374,,,,,,,
,16:00,5178.64536,,,,,,,
,17:00,5011.23024,,,,,,,
,18:00,4993.45992,,,,,,,
,19:00,4904.60832,,,,,,,
,20:00,4797.9864,,,,,,,
,21:00,5029.00056,,,,,,,
,22:00,5722.04304,,,,,,,
,23:00,7125.89832,,,,,,,
26.10.2019,0:00,6966.2772,,,,,,,
,1:00,6035.6736,,,,,,,
,2:00,6035.6736,,,,,,,
,3:00,3926.6172,,,,,,,
,4:00,5058.306,,,,,,,
,5:00,4921.1316,,,,,,,
,6:00,4663.9296,,,,,,,
,7:00,4475.3148,,,,,,,
,8:00,4698.2232,,,,,,,
,9:00,4766.8104,,,,,,,
,10:00,7577.95032,,,,,,,
,11:00,7459.01388,,,,,,,
,12:00,7357.06836,,,,,,,
,13:00,7197.91488,,,,,,,
,14:00,6038.63532,,,,,,,
,15:00,5425.24752,,,,,,,
,16:00,5178.64536,,,,,,,
,17:00,4691.36448,,,,,,,
,18:00,4579.7544,,,,,,,
,19:00,4602.51288,,,,,,,
,20:00,4638.05352,,,,,,,
,21:00,5045.52384,,,,,,,
,22:00,5502.25224,,,,,,,
,23:00,7699.6926,,,,,,,
27.10.2019,0:00,6711.4134,,,,,,,
,1:00,5812.7652,,,,,,,
,2:00,5984.2332,,,,,,,
,3:00,6039.41472,,,,,,,
,4:00,4536.57564,,,,,,,
,5:00,4468.61196,,,,,,,
,6:00,4298.70276,,,,,,,
,7:00,3839.94792,,,,,,,
,8:00,4412.1834,,,,,,,
,9:00,5812.7652,,,,,,,
,10:00,6915.30444,,,,,,,
,11:00,7306.0956,,,,,,,
,12:00,7136.1864,,,,,,,
,13:00,6835.02624,,,,,,,
,14:00,6346.81008,,,,,,,
,15:00,6195.29472,,,,,,,
,16:00,5969.4246,,,,,,,
,17:00,5307.40224,,,,,,,
,18:00,4870.93824,,,,,,,
,19:00,4486.84992,,,,,,,
,20:00,4207.51296,,,,,,,
,21:00,4269.5532,,,,,,,
,22:00,5196.2598,,,,,,,
,23:00,5442.86196,,,,,,,
28.10.2019,0:00,5812.7652,,,,,,,
,1:00,5641.2972,,,,,,,
,2:00,5795.6184,,,,,,,
,3:00,5590.01268,,,,,,,
,4:00,5556.03084,,,,,,,
,5:00,5235.69744,,,,,,,
,6:00,4781.15136,,,,,,,
,7:00,4663.30608,,,,,,,
,8:00,4655.51208,,,,,,,
,9:00,4915.83168,,,,,,,
,10:00,6978.7476,,,,,,,
,11:00,7272.11376,,,,,,,
,12:00,6927.3072,,,,,,,
,13:00,5264.0676,,,,,,,
,14:00,6043.77936,,,,,,,
,15:00,5757.58368,,,,,,,
,16:00,5727.18708,,,,,,,
,17:00,5289.94368,,,,,,,
,18:00,5062.9824,,,,,,,
,19:00,4713.8112,,,,,,,
,20:00,4678.89408,,,,,,,
,21:00,4905.85536,,,,,,,
,22:00,5182.2306,,,,,,,
,23:00,6371.595,,,,,,,
29.10.2019,0:00,6155.7012,,,,,,,
,1:00,6378.6096,,,,,,,
,2:00,5986.72728,,,,,,,
,3:00,5607.0036,,,,,,,
,4:00,5264.0676,,,,,,,
,5:00,5260.01472,,,,,,,
,6:00,5144.04,,,,,,,
,7:00,4646.7828,,,,,,,
,8:00,4543.902,,,,,,,
,9:00,5115.35808,,,,,,,
,10:00,7419.888,,,,,,,
,11:00,7611.93216,,,,,,,
,12:00,7437.34656,,,,,,,
,13:00,6983.424,,,,,,,
,14:00,6337.45728,,,,,,,
,15:00,5115.35808,,,,,,,
,16:00,4696.35264,,,,,,,
,17:00,4591.60128,,,,,,,
,18:00,4315.5378,,,,,,,
,19:00,4051.3212,,,,,,,
,20:00,4190.0544,,,,,,,
,21:00,4469.39136,,,,,,,
,22:00,4783.9572,,,,,,,
,23:00,6150.71304,,,,,,,
30.10.2019,0:00,6932.29536,,,,,,,
,1:00,6949.28628,,,,,,,
,2:00,5744.178,,,,,,,
,3:00,5161.1868,,,,,,,
,4:00,5075.4528,,,,,,,
,5:00,4886.838,,,,,,,
,6:00,4766.8104,,,,,,,
,7:00,4663.9296,,,,,,,
,8:00,4792.84236,,,,,,,
,9:00,4827.44772,,,,,,,
,10:00,7111.40148,,,,,,,
,11:00,7646.84928,,,,,,,
,12:00,7232.52024,,,,,,,
,13:00,6755.8392,,,,,,,
,14:00,6678.83448,,,,,,,
,15:00,6354.91584,,,,,,,
,16:00,5866.07616,,,,,,,
,17:00,5586.7392,,,,,,,
,18:00,4914.42876,,,,,,,
,19:00,4262.69448,,,,,,,
,20:00,4300.41744,,,,,,,
,21:00,4491.6822,,,,,,,
,22:00,5125.80204,,,,,,,
,23:00,6267.62304,,,,,,,
31.10.2018,0:00,7647.4728,,,,,,,
,1:00,6065.75844,,,,,,,
,2:00,5640.98544,,,,,,,
,3:00,4553.56656,,,,,,,
,4:00,5250.19428,,,,,,,
,5:00,5012.3214,,,,,,,
,6:00,4852.5444,,,,,,,
,7:00,4886.838,,,,,,,
,8:00,4989.7188,,,,,,,
,9:00,5469.8292,,,,,,,
,10:00,6807.2796,,,,,,,
,11:00,6782.65056,,,,,,,
,12:00,7146.00684,,,,,,,
,13:00,6748.0452,,,,,,,
,14:00,5398.43616,,,,,,,
,15:00,4983.17184,,,,,,,
,16:00,4597.36884,,,,,,,
,17:00,4421.22444,,,,,,,
,18:00,4174.62228,,,,,,,
,19:00,4051.63296,,,,,,,
,20:00,3945.01104,,,,,,,
,21:00,4526.91108,,,,,,,
,22:00,5372.4042,,,,,,,
,23:00,6038.63532,,,,,,,
01.11.2018,0:00,6592.47696,,,,,,,
,1:00,6286.6404,,,,,,,
,2:00,6023.2032,,,,,,,
,3:00,5882.9112,,,,,,,
,4:00,5725.94004,,,,,,,
,5:00,5607.0036,,,,,,,
,6:00,5272.48512,,,,,,,
,7:00,5260.01472,,,,,,,
,8:00,5260.01472,,,,,,,
,9:00,5952.12192,,,,,,,
,10:00,7319.03364,,,,,,,
,11:00,7609.43808,,,,,,,
,12:00,8155.48572,,,,,,,
,13:00,6669.16992,,,,,,,
,14:00,6127.95456,,,,,,,
,15:00,5237.568,,,,,,,
,16:00,3683.75616,,,,,,,
,17:00,4667.8266,,,,,,,
,18:00,4385.99556,,,,,,,
,19:00,4371.49872,,,,,,,
,20:00,4318.18776,,,,,,,
,21:00,4602.51288,,,,,,,
,22:00,5675.27904,,,,,,,
,23:00,6285.0816,,,,,,,
02.11.2018,0:00,6903.76932,,,,,,,
,1:00,6512.04288,,,,,,,
,2:00,5691.49056,,,,,,,
,3:00,6640.17624,,,,,,,
,4:00,5591.540304,,,,,,,
,5:00,5522.080176,,,,,,,
,6:00,6807.092544,,,,,,,
,7:00,6668.172288,,,,,,,
,8:00,5110.790796,,,,,,,
,9:00,6599.33568,,,,,,,
,10:00,8253.191304,,,,,,,
,11:00,7016.953788,,,,,,,
,12:00,6764.319072,,,,,,,
,13:00,6643.52766,,,,,,,
,14:00,5447.678652,,,,,,,
,15:00,5460.4764,,,,,,,
,16:00,5378.919984,,,,,,,
,17:00,4206.11004,,,,,,,
,18:00,4350.76668,,,,,,,
,19:00,4389.26904,,,,,,,
,20:00,4353.7284,,,,,,,
,21:00,4624.9596,,,,,,,
,22:00,5646.753,,,,,,,
,23:00,7578.1062,,,,,,,
03.11.2018,0:00,7272.11376,,,,,,,
,1:00,5740.74864,,,,,,,
,2:00,5674.032,,,,,,,
,3:00,5415.73884,,,,,,,
,4:00,3788.50752,,,,,,,
,5:00,5028.06528,,,,,,,
,6:00,5301.94644,,,,,,,
,7:00,6076.9818,,,,,,,
,8:00,6253.1262,,,,,,,
,9:00,7257.14928,,,,,,,
,10:00,7751.60064,,,,,,,
,11:00,7068.22272,,,,,,,
,12:00,8036.70516,,,,,,,
,13:00,7815.8232,,,,,,,
,14:00,8121.65976,,,,,,,
,15:00,7924.62744,,,,,,,
,16:00,5953.36896,,,,,,,
,17:00,5674.032,,,,,,,
,18:00,5220.10944,,,,,,,
,19:00,4861.58544,,,,,,,
,20:00,4932.0432,,,,,,,
,21:00,5028.06528,,,,,,,
,22:00,5398.43616,,,,,,,
,23:00,6488.505,,,,,,,
04.11.2018,0:00,6488.505,,,,,,,
,1:00,6834.5586,,,,,,,
,2:00,6609.46788,,,,,,,
,3:00,6344.316,,,,,,,
,4:00,6515.784,,,,,,,
,5:00,6241.4352,,,,,,,
,6:00,5881.3524,,,,,,,
,7:00,5607.0036,,,,,,,
,8:00,5829.912,,,,,,,
,9:00,5881.3524,,,,,,,
,10:00,7527.4452,,,,,,,
,11:00,8223.60528,,,,,,,
,12:00,8138.65068,,,,,,,
,13:00,8665.3692,,,,,,,
,14:00,7292.37816,,,,,,,
,15:00,6464.49948,,,,,,,
,16:00,6006.52404,,,,,,,
,17:00,5796.24192,,,,,,,
,18:00,5429.61216,,,,,,,
,19:00,5125.80204,,,,,,,
,20:00,5045.52384,,,,,,,
,21:00,5208.10668,,,,,,,
,22:00,5779.09512,,,,,,,
,23:00,6567.2244,,,,,,,
05.11.2018,0:00,5882.9112,,,,,,,
,1:00,6886.46664,,,,,,,
,2:00,6541.5042,,,,,,,
,3:00,6155.7012,,,,,,,
,4:00,5486.976,,,,,,,
,5:00,5301.16704,,,,,,,
,6:00,5126.8932,,,,,,,
,7:00,6886.46664,,,,,,,
,8:00,5190.804,,,,,,,
,9:00,5294.62008,,,,,,,
,10:00,8236.07568,,,,,,,
,11:00,7962.97392,,,,,,,
,12:00,7613.1792,,,,,,,
,13:00,7561.7388,,,,,,,
,14:00,6494.58432,,,,,,,
,15:00,6197.7888,,,,,,,
,16:00,5213.87424,,,,,,,
,17:00,5062.9824,,,,,,,
,18:00,4748.72832,,,,,,,
,19:00,4703.05548,,,,,,,
,20:00,5062.9824,,,,,,,
,21:00,5450.3442,,,,,,,
,22:00,6159.75408,,,,,,,
,23:00,6584.3712,,,,,,,
06.11.2018,0:00,7215.21756,,,,,,,
,1:00,6782.65056,,,,,,,
,2:00,6456.5496,,,,,,,
,3:00,6258.582,,,,,,,
,4:00,6155.7012,,,,,,,
,5:00,5674.96728,,,,,,,
,6:00,5624.1504,,,,,,,
,7:00,6177.05676,,,,,,,
,8:00,6315.4782,,,,,,,
,9:00,6748.0452,,,,,,,
,10:00,8132.2596,,,,,,,
,11:00,7777.78848,,,,,,,
,12:00,7458.858,,,,,,,
,13:00,7270.2432,,,,,,,
,14:00,6773.92128,,,,,,,
,15:00,5900.99328,,,,,,,
,16:00,5442.86196,,,,,,,
,17:00,4595.3424,,,,,,,
,18:00,4412.1834,,,,,,,
,19:00,4252.4064,,,,,,,
,20:00,4441.0212,,,,,,,
,21:00,4492.4616,,,,,,,
,22:00,5744.48976,,,,,,,
,23:00,6310.0224,,,,,,,
07.11.2018,0:00,6851.86128,,,,,,,
,1:00,7115.922,,,,,,,
,2:00,7218.8028,,,,,,,
,3:00,6507.52236,,,,,,,
,4:00,6354.60408,,,,,,,
,5:00,5829.912,,,,,,,
,6:00,5420.10348,,,,,,,
,7:00,5352.1398,,,,,,,
,8:00,5260.01472,,,,,,,
,9:00,5831.00316,,,,,,,
,10:00,7319.03364,,,,,,,
,11:00,6944.454,,,,,,,
,12:00,7249.82292,,,,,,,
,13:00,6791.37984,,,,,,,
,14:00,6407.29152,,,,,,,
,15:00,6110.496,,,,,,,
,16:00,5354.78976,,,,,,,
,17:00,4914.42876,,,,,,,
,18:00,4726.90512,,,,,,,
,19:00,4780.21608,,,,,,,
,20:00,4940.14896,,,,,,,
,21:00,5161.03092,,,,,,,
,22:00,5363.8308,,,,,,,
,23:00,6001.38,,,,,,,
08.11.2018,0:00,6395.7564,,,,,,,
,1:00,6344.316,,,,,,,
,2:00,6395.7564,,,,,,,
,3:00,5864.2056,,,,,,,
,4:00,6121.4076,,,,,,,
,5:00,5401.242,,,,,,,
,6:00,5915.646,,,,,,,
,7:00,5795.6184,,,,,,,
,8:00,5967.0864,,,,,,,
,9:00,6481.4904,,,,,,,
,10:00,7270.2432,,,,,,,
,11:00,7459.01388,,,,,,,
,12:00,7561.7388,,,,,,,
,13:00,7441.7112,,,,,,,
,14:00,7424.5644,,,,,,,
,15:00,6407.29152,,,,,,,
,16:00,5621.65632,,,,,,,
,17:00,5513.31972,,,,,,,
,18:00,5313.32568,,,,,,,
,19:00,4957.91928,,,,,,,
,20:00,5161.03092,,,,,,,
,21:00,4967.27208,,,,,,,
,22:00,5349.8016,,,,,,,
,23:00,6704.3988,,,,,,,
09.11.2018,0:00,6898.31352,,,,,,,
,1:00,6515.784,,,,,,,
,2:00,6584.3712,,,,,,,
,3:00,6618.6648,,,,,,,
,4:00,5967.0864,,,,,,,
,5:00,5778.4716,,,,,,,
,6:00,5572.71,,,,,,,
,7:00,5415.73884,,,,,,,
,8:00,5363.8308,,,,,,,
,9:00,5640.67368,,,,,,,
,10:00,7255.12284,,,,,,,
,11:00,7900.7778,,,,,,,
,12:00,7904.6748,,,,,,,
,13:00,7767.5004,,,,,,,
,14:00,7353.639,,,,,,,
,15:00,6075.57888,,,,,,,
,16:00,5534.36352,,,,,,,
,17:00,5372.4042,,,,,,,
,18:00,4993.45992,,,,,,,
,19:00,4655.82384,,,,,,,
,20:00,4861.58544,,,,,,,
,21:00,5090.57316,,,,,,,
,22:00,5864.2056,,,,,,,
,23:00,6738.6924,,,,,,,
10.11.2018,0:00,7013.0412,,,,,,,
,1:00,6990.28272,,,,,,,
,2:00,5984.2332,,,,,,,
,3:00,6138.5544,,,,,,,
,4:00,5847.0588,,,,,,,
,5:00,5554.16028,,,,,,,
,6:00,5844.87648,,,,,,,
,7:00,7730.8686,,,,,,,
,8:00,7306.0956,,,,,,,
,9:00,7458.858,,,,,,,
,10:00,7476.0048,,,,,,,
,11:00,6601.518,,,,,,,
,12:00,6361.4628,,,,,,,
,13:00,6005.74464,,,,,,,
,14:00,5495.70528,,,,,,,
,15:00,4914.42876,,,,,,,
,16:00,4566.97224,,,,,,,
,17:00,4407.03936,,,,,,,
,18:00,4403.61,,,,,,,
,19:00,4783.64544,,,,,,,
,20:00,5881.3524,,,,,,,
,21:00,6550.0776,,,,,,,
,22:00,6515.784,,,,,,,
,23:00,6515.784,,,,,,,
11.11.2018,0:00,5795.6184,,,,,,,
,1:00,6052.8204,,,,,,,
,2:00,4955.4252,,,,,,,
,3:00,4732.5168,,,,,,,
,4:00,4595.3424,,,,,,,
,5:00,4671.7236,,,,,,,
,6:00,4975.6896,,,,,,,
,7:00,6529.50144,,,,,,,
,8:00,6634.2528,,,,,,,
,9:00,6739.00416,,,,,,,
,10:00,6194.35944,,,,,,,
,11:00,5621.65632,,,,,,,
,12:00,5324.8608,,,,,,,
,13:00,4591.60128,,,,,,,
,14:00,4417.01568,,,,,,,
,15:00,4446.78876,,,,,,,
,16:00,4498.6968,,,,,,,
,17:00,4758.237,,,,,,,
,18:00,4879.35576,,,,,,,
,19:00,5467.64688,,,,,,,
,20:00,6644.22912,,,,,,,
,21:00,6315.4782,,,,,,,
,22:00,5969.4246,,,,,,,
,23:00,5173.50132,,,,,,,
12.11.2018,0:00,5173.50132,,,,,,,
,1:00,4689.02628,,,,,,,
,2:00,4748.72832,,,,,,,
,3:00,4172.59584,,,,,,,
,4:00,4399.55712,,,,,,,
,5:00,4207.51296,,,,,,,
,6:00,4853.47968,,,,,,,
,7:00,5761.3248,,,,,,,
,8:00,7245.3024,,,,,,,
,9:00,6955.67736,,,,,,,
,10:00,6488.505,,,,,,,
,11:00,5329.22544,,,,,,,
,12:00,4792.84236,,,,,,,
,13:00,4259.88864,,,,,,,
,14:00,5796.24192,,,,,,,
,15:00,3910.40568,,,,,,,
,16:00,3787.1046,,,,,,,
,17:00,3751.87572,,,,,,,
,18:00,3928.02012,,,,,,,
,19:00,5150.2752,,,,,,,
,20:00,6529.50144,,,,,,,
,21:00,6931.04832,,,,,,,
,22:00,5866.07616,,,,,,,
,23:00,5150.2752,,,,,,,
13.11.2018,0:00,5255.02656,,,,,,,
,1:00,5272.48512,,,,,,,
,2:00,5080.44096,,,,,,,
,3:00,4643.97696,,,,,,,
,4:00,4836.02112,,,,,,,
,5:00,4888.3968,,,,,,,
,6:00,5621.65632,,,,,,,
,7:00,7297.67808,,,,,,,
,8:00,7287.39,,,,,,,
,9:00,6550.0776,,,,,,,
,10:00,6275.7288,,,,,,,
,11:00,6215.24736,,,,,,,
,12:00,5883.22296,,,,,,,
,13:00,5548.5486,,,,,,,
,14:00,5390.01864,,,,,,,
,15:00,5020.1154,,,,,,,
,16:00,4584.74256,,,,,,,
,17:00,4262.69448,,,,,,,
,18:00,4280.30892,,,,,,,
,19:00,4923.31392,,,,,,,
,20:00,7000.88256,,,,,,,
,21:00,6721.5456,,,,,,,
,22:00,5138.89596,,,,,,,
,23:00,5881.3524,,,,,,,
14.11.2018,0:00,5538.4164,,,,,,,
,1:00,4989.7188,,,,,,,
,2:00,4955.4252,,,,,,,
,3:00,4844.7504,,,,,,,
,4:00,4758.237,,,,,,,
,5:00,4896.65844,,,,,,,
,6:00,5121.59328,,,,,,,
,7:00,7215.21756,,,,,,,
,8:00,7526.6658,,,,,,,
,9:00,7180.6122,,,,,,,
,10:00,6567.2244,,,,,,,
,11:00,5675.27904,,,,,,,
,12:00,6592.32108,,,,,,,
,13:00,4498.6968,,,,,,,
,14:00,4224.97152,,,,,,,
,15:00,4102.7616,,,,,,,
,16:00,4137.67872,,,,,,,
,17:00,4242.43008,,,,,,,
,18:00,4818.56256,,,,,,,
,19:00,5052.38256,,,,,,,
,20:00,7059.49344,,,,,,,
,21:00,6748.0452,,,,,,,
,22:00,6090.54336,,,,,,,
,23:00,5555.5632,,,,,,,
15.11.2018,0:00,5589.8568,,,,,,,
,1:00,5311.92276,,,,,,,
,2:00,5138.89596,,,,,,,
,3:00,5024.0124,,,,,,,
,4:00,4972.572,,,,,,,
,5:00,5208.10668,,,,,,,
,6:00,5744.48976,,,,,,,
,7:00,7370.94168,,,,,,,
,8:00,7388.24436,,,,,,,
,9:00,7319.03364,,,,,,,
,10:00,6609.62376,,,,,,,
,11:00,5882.9112,,,,,,,
,12:00,5173.50132,,,,,,,
,13:00,4619.81556,,,,,,,
,14:00,4342.97268,,,,,,,
,15:00,4152.6432,,,,,,,
,16:00,4221.85392,,,,,,,
,17:00,4204.55124,,,,,,,
,18:00,4723.63164,,,,,,,
,19:00,5294.62008,,,,,,,
,20:00,7561.27116,,,,,,,
,21:00,7474.75776,,,,,,,
,22:00,6384.68892,,,,,,,
,23:00,6280.87284,,,,,,,
16.11.2018,0:00,6090.54336,,,,,,,
,1:00,5586.7392,,,,,,,
,2:00,5277.3174,,,,,,,
,3:00,5237.568,,,,,,,
,4:00,5359.77792,,,,,,,
,5:00,5035.07988,,,,,,,
,6:00,4896.65844,,,,,,,
,7:00,7976.53548,,,,,,,
,8:00,7474.75776,,,,,,,
,9:00,7613.1792,,,,,,,
,10:00,7543.96848,,,,,,,
,11:00,6826.29696,,,,,,,
,12:00,5447.07072,,,,,,,
,13:00,5307.40224,,,,,,,
,14:00,5097.89952,,,,,,,
,15:00,4914.42876,,,,,,,
,16:00,4685.44104,,,,,,,
,17:00,4597.36884,,,,,,,
,18:00,5115.35808,,,,,,,
,19:00,5450.3442,,,,,,,
,20:00,6903.76932,,,,,,,
,21:00,7306.0956,,,,,,,
,22:00,6677.43156,,,,,,,
,23:00,6618.6648,,,,,,,
17.11.2018,0:00,6172.848,,,,,,,
,1:00,5522.049,,,,,,,
,2:00,5471.07624,,,,,,,
,3:00,5675.5908,,,,,,,
,4:00,5401.242,,,,,,,
,5:00,5744.48976,,,,,,,
,6:00,5952.12192,,,,,,,
,7:00,7493.1516,,,,,,,
,8:00,7900.7778,,,,,,,
,9:00,7509.98664,,,,,,,
,10:00,7596.0324,,,,,,,
,11:00,7493.1516,,,,,,,
,12:00,6145.41312,,,,,,,
,13:00,5002.50096,,,,,,,
,14:00,5196.2598,,,,,,,
,15:00,4826.35656,,,,,,,
,16:00,4738.28436,,,,,,,
,17:00,4914.42876,,,,,,,
,18:00,5080.44096,,,,,,,
,19:00,5377.23648,,,,,,,
,20:00,6337.45728,,,,,,,
,21:00,6601.518,,,,,,,
,22:00,6473.54052,,,,,,,
,23:00,6430.05,,,,,,,
18.11.2018,0:00,6094.28448,,,,,,,
,1:00,5929.83108,,,,,,,
,2:00,5657.97636,,,,,,,
,3:00,5250.19428,,,,,,,
,4:00,4944.35772,,,,,,,
,5:00,5267.1852,,,,,,,
,6:00,5281.2144,,,,,,,
,7:00,6881.3226,,,,,,,
,8:00,7184.5092,,,,,,,
,9:00,7133.0688,,,,,,,
,10:00,6564.41856,,,,,,,
,11:00,6389.83296,,,,,,,
,12:00,5231.48868,,,,,,,
,13:00,5090.57316,,,,,,,
,14:00,4843.971,,,,,,,
,15:00,4744.67544,,,,,,,
,16:00,4602.51288,,,,,,,
,17:00,4638.05352,,,,,,,
,18:00,5196.2598,,,,,,,
,19:00,6165.054,,,,,,,
,20:00,7679.89584,,,,,,,
,21:00,6807.2796,,,,,,,
,22:00,6201.6858,,,,,,,
,23:00,5844.87648,,,,,,,
19.11.2018,0:00,5812.7652,,,,,,,
,1:00,5967.0864,,,,,,,
,2:00,5658.444,,,,,,,
,3:00,5469.8292,,,,,,,
,4:00,5212.6272,,,,,,,
,5:00,5435.5356,,,,,,,
,6:00,5795.6184,,,,,,,
,7:00,7424.5644,,,,,,,
,8:00,7373.124,,,,,,,
,9:00,7253.0964,,,,,,,
,10:00,7235.9496,,,,,,,
,11:00,5829.912,,,,,,,
,12:00,5658.444,,,,,,,
,13:00,5173.50132,,,,,,,
,14:00,4914.42876,,,,,,,
,15:00,4731.26976,,,,,,,
,16:00,4879.35576,,,,,,,
,17:00,5045.52384,,,,,,,
,18:00,5178.64536,,,,,,,
,19:00,6147.43956,,,,,,,
,20:00,7644.66696,,,,,,,
,21:00,8701.53336,,,,,,,
,22:00,6217.89732,,,,,,,
,23:00,5918.45184,,,,,,,
20.11.2018,0:00,6389.83296,,,,,,,
,1:00,6250.16448,,,,,,,
,2:00,5935.9104,,,,,,,
,3:00,5467.64688,,,,,,,
,4:00,5709.8844,,,,,,,
,5:00,5692.58172,,,,,,,
,6:00,6298.17552,,,,,,,
,7:00,7647.78456,,,,,,,
,8:00,7993.83816,,,,,,,
,9:00,7647.78456,,,,,,,
,10:00,7319.03364,,,,,,,
,11:00,6626.92644,,,,,,,
,12:00,4740.93432,,,,,,,
,13:00,5190.804,,,,,,,
,14:00,4896.65844,,,,,,,
,15:00,4715.37,,,,,,,
,16:00,4663.9296,,,,,,,
,17:00,4740.93432,,,,,,,
,18:00,5104.2906,,,,,,,
,19:00,5225.40936,,,,,,,
,20:00,6142.4514,,,,,,,
,21:00,6194.35944,,,,,,,
,22:00,6488.505,,,,,,,
,23:00,6315.4782,,,,,,,
21.11.2018,0:00,6298.17552,,,,,,,
,1:00,6004.02996,,,,,,,
,2:00,5623.371,,,,,,,
,3:00,4451.9328,,,,,,,
,4:00,5377.23648,,,,,,,
,5:00,5097.89952,,,,,,,
,6:00,5848.6176,,,,,,,
,7:00,7489.72224,,,,,,,
,8:00,7716.68352,,,,,,,
,9:00,7457.45508,,,,,,,
,10:00,7613.1792,,,,,,,
,11:00,6090.54336,,,,,,,
,12:00,5554.16028,,,,,,,
,13:00,5086.98792,,,,,,,
,14:00,5173.50132,,,,,,,
,15:00,5017.7772,,,,,,,
,16:00,4913.96112,,,,,,,
,17:00,5086.98792,,,,,,,
,18:00,5225.40936,,,,,,,
,19:00,5311.92276,,,,,,,
,20:00,7838.11404,,,,,,,
,21:00,7301.73096,,,,,,,
,22:00,6298.17552,,,,,,,
,23:00,6073.24068,,,,,,,
22.11.2018,0:00,5813.70048,,,,,,,
,1:00,5953.36896,,,,,,,
,2:00,5415.73884,,,,,,,
,3:00,5394.69504,,,,,,,
,4:00,5062.9824,,,,,,,
,5:00,5069.68524,,,,,,,
,6:00,5831.15904,,,,,,,
,7:00,7353.639,,,,,,,
,8:00,7630.48188,,,,,,,
,9:00,7699.6926,,,,,,,
,10:00,7270.2432,,,,,,,
,11:00,6407.29152,,,,,,,
,12:00,5516.90496,,,,,,,
,13:00,6669.16992,,,,,,,
,14:00,4755.8988,,,,,,,
,15:00,4597.36884,,,,,,,
,16:00,4562.13996,,,,,,,
,17:00,4808.74212,,,,,,,
,18:00,6040.66176,,,,,,,
,19:00,5812.7652,,,,,,,
,20:00,6824.4264,,,,,,,
,21:00,7284.42828,,,,,,,
,22:00,6730.74252,,,,,,,
,23:00,6250.16448,,,,,,,
23.11.2018,0:00,6075.57888,,,,,,,
,1:00,5536.8576,,,,,,,
,2:00,5298.3612,,,,,,,
,3:00,5298.3612,,,,,,,
,4:00,5185.19232,,,,,,,
,5:00,5080.44096,,,,,,,
,6:00,5237.568,,,,,,,
,7:00,7441.7112,,,,,,,
,8:00,7235.9496,,,,,,,
,9:00,6944.454,,,,,,,
,10:00,6687.252,,,,,,,
,11:00,5864.2056,,,,,,,
,12:00,5202.65088,,,,,,,
,13:00,4748.72832,,,,,,,
,14:00,4713.8112,,,,,,,
,15:00,4556.68416,,,,,,,
,16:00,3978.0576,,,,,,,
,17:00,4235.2596,,,,,,,
,18:00,4732.5168,,,,,,,
,19:00,6111.11952,,,,,,,
,20:00,6313.14,,,,,,,
,21:00,6782.65056,,,,,,,
,22:00,6055.938,,,,,,,
,23:00,3910.40568,,,,,,,
24.11.2018,0:00,6110.496,,,,,,,
,1:00,3945.63456,,,,,,,
,2:00,5062.9824,,,,,,,
,3:00,4574.14272,,,,,,,
,4:00,3941.89344,,,,,,,
,5:00,5006.8656,,,,,,,
,6:00,4706.32896,,,,,,,
,7:00,4410.78048,,,,,,,
,8:00,4910.37588,,,,,,,
,9:00,6592.47696,,,,,,,
,10:00,6893.0136,,,,,,,
,11:00,6644.22912,,,,,,,
,12:00,6280.87284,,,,,,,
,13:00,5450.3442,,,,,,,
,14:00,4048.82712,,,,,,,
,15:00,3840.8832,,,,,,,
,16:00,3892.3236,,,,,,,
,17:00,3960.9108,,,,,,,
,18:00,4149.5256,,,,,,,
,19:00,4446.78876,,,,,,,
,20:00,5450.3442,,,,,,,
,21:00,5813.70048,,,,,,,
,22:00,5779.09512,,,,,,,
,23:00,5744.48976,,,,,,,
25.11.2018,0:00,5484.94956,,,,,,,
,1:00,5115.35808,,,,,,,
,2:00,4853.47968,,,,,,,
,3:00,4696.35264,,,,,,,
,4:00,4256.45928,,,,,,,
,5:00,4567.90752,,,,,,,
,6:00,4923.31392,,,,,,,
,7:00,6280.87284,,,,,,,
,8:00,6275.7288,,,,,,,
,9:00,6055.938,,,,,,,
,10:00,5554.16028,,,,,,,
,11:00,4886.838,,,,,,,
,12:00,4048.82712,,,,,,,
,13:00,3738.0024,,,,,,,
,14:00,3515.094,,,,,,,
,15:00,3377.9196,,,,,,,
,16:00,3377.9196,,,,,,,
,17:00,3515.094,,,,,,,
,18:00,4183.8192,,,,,,,
,19:00,4818.2508,,,,,,,
,20:00,6755.8392,,,,,,,
,21:00,6670.1052,,,,,,,
,22:00,5915.646,,,,,,,
,23:00,5315.508,,,,,,,
26.11.2018,0:00,5075.4528,,,,,,,
,1:00,4766.8104,,,,,,,
,2:00,4458.168,,,,,,,
,3:00,4169.94588,,,,,,,
,4:00,4291.06464,,,,,,,
,5:00,4325.67,,,,,,,
,6:00,4862.05308,,,,,,,
,7:00,6869.16396,,,,,,,
,8:00,7128.70416,,,,,,,
,9:00,6748.0452,,,,,,,
,10:00,6228.9648,,,,,,,
,11:00,6575.0184,,,,,,,
,12:00,4187.24856,,,,,,,
,13:00,3927.70836,,,,,,,
,14:00,3858.03,,,,,,,
,15:00,3669.4152,,,,,,,
,16:00,3686.562,,,,,,,
,17:00,3446.5068,,,,,,,
,18:00,3583.6812,,,,,,,
,19:00,4338.1404,,,,,,,
,20:00,5761.3248,,,,,,,
,21:00,7184.5092,,,,,,,
,22:00,5984.2332,,,,,,,
,23:00,5366.9484,,,,,,,
27.11.2018,0:00,5092.5996,,,,,,,
,1:00,4715.37,,,,,,,
,2:00,4792.84236,,,,,,,
,3:00,4308.36732,,,,,,,
,4:00,4441.0212,,,,,,,
,5:00,4269.5532,,,,,,,
,6:00,5144.04,,,,,,,
,7:00,6550.0776,,,,,,,
,8:00,6772.986,,,,,,,
,9:00,6567.2244,,,,,,,
,10:00,6069.9672,,,,,,,
,11:00,4869.6912,,,,,,,
,12:00,4273.76196,,,,,,,
,13:00,3996.91908,,,,,,,
,14:00,3754.68156,,,,,,,
,15:00,3668.16816,,,,,,,
,16:00,5311.92276,,,,,,,
,17:00,3927.70836,,,,,,,
,18:00,5898.4992,,,,,,,
,19:00,4732.5168,,,,,,,
,20:00,7578.8856,,,,,,,
,21:00,7013.0412,,,,,,,
,22:00,5949.9396,,,,,,,
,23:00,5658.444,,,,,,,
28.11.2018,0:00,5315.508,,,,,,,
,1:00,5294.62008,,,,,,,
,2:00,5045.52384,,,,,,,
,3:00,4626.5184,,,,,,,
,4:00,4567.90752,,,,,,,
,5:00,4723.63164,,,,,,,
,6:00,5150.2752,,,,,,,
,7:00,6938.37468,,,,,,,
,8:00,7007.5854,,,,,,,
,9:00,6755.8392,,,,,,,
,10:00,6436.59696,,,,,,,
,11:00,6267.62304,,,,,,,
,12:00,6756.46272,,,,,,,
,13:00,4826.35656,,,,,,,
,14:00,4104.16452,,,,,,,
,15:00,3716.64684,,,,,,,
,16:00,3579.0048,,,,,,,
,17:00,3668.16816,,,,,,,
,18:00,3893.103,,,,,,,
,19:00,4481.39412,,,,,,,
,20:00,5813.70048,,,,,,,
,21:00,6841.5732,,,,,,,
,22:00,6021.33264,,,,,,,
,23:00,5521.2696,,,,,,,
29.11.2018,0:00,5589.8568,,,,,,,
,1:00,5467.64688,,,,,,,
,2:00,5115.35808,,,,,,,
,3:00,4155.13728,,,,,,,
,4:00,4671.7236,,,,,,,
,5:00,4731.26976,,,,,,,
,6:00,5377.23648,,,,,,,
,7:00,7076.79612,,,,,,,
,8:00,7007.5854,,,,,,,
,9:00,6921.072,,,,,,,
,10:00,6285.0816,,,,,,,
,11:00,5900.99328,,,,,,,
,12:00,4262.69448,,,,,,,
,13:00,3945.63456,,,,,,,
,14:00,3891.70008,,,,,,,
,15:00,3713.99688,,,,,,,
,16:00,3731.7672,,,,,,,
,17:00,3892.79124,,,,,,,
,18:00,4068.93564,,,,,,,
,19:00,4643.97696,,,,,,,
,20:00,5813.70048,,,,,,,
,21:00,7115.922,,,,,,,
,22:00,6189.9948,,,,,,,
,23:00,5657.97636,,,,,,,
30.11.2018,0:00,5138.89596,,,,,,,
,1:00,4965.86916,,,,,,,
,2:00,4783.9572,,,,,,,
,3:00,4663.9296,,,,,,,
,4:00,4080.9384,,,,,,,
,5:00,4355.2872,,,,,,,
,6:00,5024.0124,,,,,,,
,7:00,5761.3248,,,,,,,
,8:00,6447.1968,,,,,,,
,9:00,6207.1416,,,,,,,
,10:00,5658.444,,,,,,,
,11:00,4166.6724,,,,,,,
,12:00,5744.48976,,,,,,,
,13:00,5415.73884,,,,,,,
,14:00,5949.9396,,,,,,,
,15:00,5658.444,,,,,,,
,16:00,5315.508,,,,,,,
,17:00,5294.62008,,,,,,,
,18:00,5045.52384,,,,,,,
,19:00,4626.5184,,,,,,,
,20:00,4567.90752,,,,,,,
,21:00,4723.63164,,,,,,,
,22:00,5150.2752,,,,,,,
,23:00,6938.37468,,,,,,,
